s_date,s_gender,s_age,s_temp,s_start,s_during,s_end,s_perfume,s_job,s_weather
2020-04-17,남,12,시원함,16,10,16:10,무,학생,16.30 ℃
2020-04-14,남,12,따뜻함,17,10,17:10,무,학생,20.10 ℃
2020-04-14,남,13,시원함,17,15,17:15,무,학생,20.10 ℃
2020-04-17,남,14,따뜻함,21,10,21:10,무,학생,13.80 ℃
2020-04-04,남,14,시원함,17,20,17:20,무,학생,11.10 ℃
2020-04-14,남,15,미지근함,16,10,16:10,무,학생,20.40 ℃
2020-04-02,남,15,따뜻함,20,10,20:10,무,학생,10.90 ℃
2020-04-17,남,15,시원함,22,10,22:10,무,학생,12.30 ℃
2020-04-17,남,15,따뜻함,17,20,17:20,유,학생,16.40 ℃
2020-04-26,남,15,따뜻함,21,20,21:20,무,학생,14.10 ℃
2020-04-26,남,16,따뜻함,17,7,17:07,무,학생,18.10 ℃
2020-04-14,남,16,시원함,20,10,20:10,무,학생,13.80 ℃
2020-04-24,남,16,따뜻함,19,20,19:20,무,학생,12.90 ℃
2020-04-28,남,16,따뜻함,20,30,20:30,유,학생,14.30 ℃
2020-04-28,남,17,미지근함,20,5,20:05,무,학생,14.30 ℃
2020-04-17,남,17,따뜻함,12,10,12:10,무,학생,14.50 ℃
2020-04-17,남,17,시원함,23,10,23:10,무,학생,11.00 ℃
2020-04-27,남,17,미지근함,7,15,7:15,무,학생,7.60 ℃
2020-04-14,남,17,따뜻함,11,15,11:15,무,학생,15.70 ℃
2020-04-28,남,17,미지근함,21,15,21:15,무,학생,13.60 ℃
2020-04-17,남,17,따뜻함,23,15,23:15,무,학생,11.00 ℃
2020-04-17,남,17,따뜻함,10,20,10:20,무,학생,11.80 ℃
2020-04-08,남,17,따뜻함,16,20,16:20,무,학생,15.70 ℃
2020-04-09,남,17,미지근함,17,20,17:20,무,학생,12.90 ℃
2020-04-29,남,17,따뜻함,22,20,22:20,무,학생,15.00 ℃
2020-04-27,남,17,미지근함,23,30,23:30,유,학생,10.20 ℃
2020-04-26,남,18,미지근함,18,5,18:05,무,학생,17.00 ℃
2020-04-21,남,18,미지근함,10,7,10:07,무,학생,13.60 ℃
2020-04-14,남,18,따뜻함,22,15,22:15,유,학생,11.80 ℃
2020-04-24,남,18,미지근함,19,20,19:20,무,학생,12.90 ℃
2020-04-24,남,18,미지근함,16,24,16:24,무,학생,16.20 ℃
2020-04-04,남,18,따뜻함,20,30,20:30,무,학생,6.70 ℃
2020-04-28,남,19,따뜻함,8,20,8:20,무,학생,9.40 ℃
2020-04-28,남,19,따뜻함,20,20,20:20,무,학생,14.30 ℃
2020-04-24,남,19,따뜻함,20,20,20:20,유,학생,11.80 ℃
2020-04-28,남,19,따뜻함,22,25,22:25,무,학생,12.70 ℃
2020-04-26,남,19,따뜻함,19,30,19:30,무,학생,14.90 ℃
2020-04-02,남,19,따뜻함,22,30,22:30,무,학생,9.60 ℃
2020-04-25,남,20,시원함,8,10,8:10,무,학생,11.50 ℃
2020-04-25,남,20,시원함,12,10,12:10,무,학생,20.30 ℃
2020-04-14,남,20,시원함,17,10,17:10,무,군인,20.10 ℃
2020-04-17,남,20,따뜻함,19,10,19:10,무,군인,15.80 ℃
2020-04-04,남,20,따뜻함,22,10,22:10,무,학생,6.40 ℃
2020-04-28,남,20,따뜻함,8,15,8:15,무,학생,9.40 ℃
2020-04-28,남,20,따뜻함,8,15,8:15,무,학생,9.40 ℃
2020-04-26,남,20,시원함,9,15,9:15,무,학생,11.30 ℃
2020-04-17,남,20,미지근함,10,15,10:15,무,학생,11.80 ℃
2020-04-14,남,20,따뜻함,14,15,14:15,무,학생,20.10 ℃
2020-04-29,남,20,미지근함,16,15,16:15,무,학생,23.70 ℃
2020-04-27,남,20,미지근함,18,15,18:15,무,군인,16.10 ℃
2020-04-24,남,20,미지근함,18,15,18:15,무,학생,14.70 ℃
2020-04-28,남,20,미지근함,18,15,18:15,무,군인,18.30 ℃
2020-04-02,남,20,따뜻함,23,15,23:15,무,학생,9.30 ℃
2020-04-26,남,20,따뜻함,8,20,8:20,무,학생,9.30 ℃
2020-04-14,남,20,따뜻함,8,20,8:20,무,학생,6.70 ℃
2020-04-14,남,20,미지근함,8,20,8:20,무,학생,6.70 ℃
2020-04-17,남,20,미지근함,8,20,8:20,무,학생,11.20 ℃
2020-04-17,남,20,따뜻함,9,20,9:20,유,학생,11.00 ℃
2020-04-21,남,20,따뜻함,11,20,11:20,무,학생,13.80 ℃
2020-04-24,남,20,미지근함,12,20,12:20,무,학생,15.20 ℃
2020-04-24,남,20,따뜻함,15,20,15:20,무,학생,16.80 ℃
2020-04-27,남,20,따뜻함,17,20,17:20,무,학생,17.20 ℃
2020-04-14,남,20,따뜻함,17,20,17:20,무,학생,20.10 ℃
2020-04-14,남,20,따뜻함,17,20,17:20,무,학생,20.10 ℃
2020-04-14,남,20,따뜻함,17,20,17:20,무,학생,20.10 ℃
2020-04-28,남,20,미지근함,18,20,18:20,무,학생,18.30 ℃
2020-04-17,남,20,따뜻함,19,20,19:20,무,학생,15.80 ℃
2020-04-09,남,20,따뜻함,10,25,10:25,무,학생,11.30 ℃
2020-04-28,남,20,따뜻함,17,30,17:30,무,학생,19.20 ℃
2020-04-24,남,20,미지근함,19,30,19:30,무,학생,12.90 ℃
2020-04-27,남,20,따뜻함,19,30,19:30,무,학생,13.90 ℃
2020-04-24,남,20,따뜻함,19,30,19:30,무,학생,12.90 ℃
2020-04-17,남,20,따뜻함,20,30,20:30,무,학생,14.50 ℃
2020-04-17,남,20,따뜻함,20,30,20:30,무,학생,14.50 ℃
2020-04-28,남,20,따뜻함,21,30,21:30,유,학생,13.60 ℃
2020-04-28,남,20,따뜻함,22,30,22:30,무,학생,12.70 ℃
2020-04-28,남,20,시원함,21,40,21:40,무,학생,13.60 ℃
2020-04-26,남,21,미지근함,17,10,17:10,무,군인,18.10 ℃
2020-04-27,남,21,따뜻함,18,10,18:10,무,군인,16.10 ℃
2020-04-27,남,21,따뜻함,20,10,20:10,무,학생,12.60 ℃
2020-04-28,남,21,따뜻함,7,15,7:15,무,학생,7.30 ℃
2020-04-29,남,21,미지근함,8,15,8:15,무,학생,11.80 ℃
2020-04-28,남,21,따뜻함,10,15,10:15,무,학생,14.20 ℃
2020-04-21,남,21,미지근함,17,15,17:15,무,군인,11.00 ℃
2020-04-27,남,21,미지근함,17,15,17:15,무,군인,17.20 ℃
2020-04-29,남,21,따뜻함,18,15,18:15,무,학생,21.00 ℃
2020-04-29,남,21,따뜻함,8,20,8:20,무,학생,11.80 ℃
2020-04-28,남,21,따뜻함,18,20,18:20,무,학생,18.30 ℃
2020-04-14,남,21,따뜻함,18,20,18:20,무,학생,18.10 ℃
2020-04-28,남,21,미지근함,19,20,19:20,무,학생,15.80 ℃
2020-04-28,남,21,따뜻함,19,20,19:20,무,학생,15.80 ℃
2020-04-28,남,21,따뜻함,19,20,19:20,무,학생,15.80 ℃
2020-04-24,남,21,따뜻함,23,20,23:20,무,학생,10.20 ℃
2020-04-28,남,21,미지근함,7,30,7:30,유,학생,7.30 ℃
2020-04-17,남,21,미지근함,19,30,19:30,무,학생,15.80 ℃
2020-04-28,남,21,따뜻함,20,30,20:30,무,학생,14.30 ℃
2020-04-27,남,21,따뜻함,21,30,21:30,유,학생,11.20 ℃
2020-04-27,남,22,시원함,19,5,19:05,무,학생,13.90 ℃
2020-04-29,남,22,시원함,17,8,17:08,무,군인,23.30 ℃
2020-04-04,남,22,따뜻함,10,10,10:10,무,학생,11.10 ℃
2020-04-29,남,22,따뜻함,15,10,15:10,무,학생,23.40 ℃
2020-04-27,남,22,따뜻함,17,10,17:10,무,군인,17.20 ℃
2020-04-26,남,22,미지근함,8,15,8:15,무,학생,9.30 ℃
2020-04-26,남,22,따뜻함,11,15,11:15,무,학생,15.80 ℃
2020-04-26,남,22,미지근함,15,15,15:15,무,학생,18.20 ℃
2020-04-26,남,22,따뜻함,16,15,16:15,무,학생,18.40 ℃
2020-04-26,남,22,미지근함,17,15,17:15,무,군인,18.10 ℃
2020-04-04,남,22,미지근함,17,15,17:15,무,군인,11.10 ℃
2020-04-29,남,22,시원함,17,15,17:15,유,군인,23.30 ℃
2020-04-04,남,22,미지근함,19,15,19:15,무,학생,7.50 ℃
2020-04-27,남,22,따뜻함,20,15,20:15,무,학생,12.60 ℃
2020-04-26,남,22,따뜻함,22,15,22:15,무,학생,13.40 ℃
2020-04-04,남,22,따뜻함,7,20,7:20,무,학생,4.80 ℃
2020-04-27,남,22,따뜻함,8,20,8:20,무,학생,10.20 ℃
2020-04-26,남,22,따뜻함,8,20,8:20,무,학생,9.30 ℃
2020-04-26,남,22,따뜻함,9,20,9:20,무,학생,11.30 ℃
2020-04-04,남,22,따뜻함,10,20,10:20,무,학생,11.10 ℃
2020-04-27,남,22,따뜻함,10,20,10:20,무,학생,15.40 ℃
2020-04-29,남,22,미지근함,10,20,10:20,무,학생,17.20 ℃
2020-04-04,남,22,미지근함,12,20,12:20,무,학생,15.60 ℃
2020-04-02,남,22,따뜻함,15,20,15:20,무,학생,17.00 ℃
2020-04-27,남,22,따뜻함,16,20,16:20,무,학생,18.30 ℃
2020-04-21,남,22,따뜻함,16,20,16:20,무,학생,11.90 ℃
2020-04-28,남,22,따뜻함,17,20,17:20,무,군인,19.20 ℃
2020-04-28,남,22,미지근함,18,20,18:20,무,학생,18.30 ℃
2020-04-28,남,22,미지근함,18,20,18:20,무,학생,18.30 ℃
2020-04-28,남,22,미지근함,19,20,19:20,무,학생,15.80 ℃
2020-04-28,남,22,따뜻함,20,20,20:20,무,학생,14.30 ℃
2020-04-24,남,22,따뜻함,22,20,22:20,무,학생,10.60 ℃
2020-04-27,남,22,따뜻함,22,20,22:20,무,학생,10.50 ℃
2020-04-25,남,22,따뜻함,6,30,6:30,무,학생,6.80 ℃
2020-04-28,남,22,미지근함,6,30,6:30,유,학생,6.40 ℃
2020-04-25,남,22,미지근함,12,30,12:30,유,학생,20.30 ℃
2020-04-26,남,22,따뜻함,18,30,18:30,무,학생,17.00 ℃
2020-04-28,남,22,따뜻함,21,30,21:30,무,학생,13.60 ℃
2020-04-27,남,23,따뜻함,15,10,15:10,무,학생,18.60 ℃
2020-04-28,남,23,따뜻함,19,10,19:10,무,건설업,15.80 ℃
2020-04-29,남,23,미지근함,20,10,20:10,무,학생,17.30 ℃
2020-04-27,남,23,따뜻함,20,10,20:10,무,학생,12.60 ℃
2020-04-26,남,23,시원함,20,10,20:10,무,학생,14.20 ℃
2020-04-29,남,23,미지근함,21,10,21:10,무,학생,15.90 ℃
2020-04-28,남,23,따뜻함,17,15,17:15,무,군인,19.20 ℃
2020-04-29,남,23,따뜻함,21,15,21:15,무,학생,15.90 ℃
2020-04-04,남,23,시원함,22,15,22:15,무,학생,6.40 ℃
2020-04-27,남,23,따뜻함,7,20,7:20,무,학생,7.60 ℃
2020-04-27,남,23,따뜻함,17,20,17:20,무,군인,17.20 ℃
2020-04-28,남,23,따뜻함,17,20,17:20,무,군인,19.20 ℃
2020-04-28,남,23,시원함,17,20,17:20,무,군인,19.20 ℃
2020-04-04,남,23,시원함,18,20,18:20,무,학생,9.90 ℃
2020-04-27,남,23,따뜻함,18,20,18:20,무,학생,16.10 ℃
2020-04-17,남,23,따뜻함,19,20,19:20,무,학생,15.80 ℃
2020-04-26,남,23,따뜻함,20,20,20:20,무,학생,14.20 ℃
2020-04-04,남,23,미지근함,20,20,20:20,무,학생,6.70 ℃
2020-04-04,남,23,미지근함,20,20,20:20,무,학생,6.70 ℃
2020-04-05,남,23,따뜻함,17,30,17:30,유,군인,11.90 ℃
2020-04-28,남,23,미지근함,17,30,17:30,무,군인,19.20 ℃
2020-04-24,남,24,따뜻함,17,7,17:07,무,무직,15.80 ℃
2020-04-28,남,24,시원함,5,10,5:10,무,학생,7.40 ℃
2020-04-28,남,24,시원함,17,10,17:10,무,학생,19.20 ℃
2020-04-26,남,24,미지근함,20,10,20:10,무,학생,14.20 ℃
2020-04-28,남,24,따뜻함,20,10,20:10,무,학생,14.30 ℃
2020-04-24,남,24,따뜻함,21,10,21:10,무,학생,11.10 ℃
2020-04-28,남,24,미지근함,23,10,23:10,무,학생,12.20 ℃
2020-04-28,남,24,따뜻함,8,15,8:15,무,학생,9.40 ℃
2020-04-28,남,24,따뜻함,10,15,10:15,무,학생,14.20 ℃
2020-04-28,남,24,따뜻함,18,15,18:15,무,학생,18.30 ℃
2020-04-28,남,24,시원함,19,15,19:15,무,학생,15.80 ℃
2020-04-28,남,24,따뜻함,22,15,22:15,무,학생,12.70 ℃
2020-04-27,남,24,따뜻함,23,15,23:15,무,학생,10.20 ℃
2020-04-27,남,24,따뜻함,23,15,23:15,무,학생,10.20 ℃
2020-04-24,남,24,미지근함,8,20,8:20,무,학생,8.00 ℃
2020-04-27,남,24,미지근함,9,20,9:20,무,학생,12.50 ℃
2020-04-21,남,24,따뜻함,10,20,10:20,무,학생,13.60 ℃
2020-04-27,남,24,미지근함,17,20,17:20,무,학생,17.20 ℃
2020-04-24,남,24,따뜻함,17,20,17:20,무,학생,15.80 ℃
2020-04-28,남,24,미지근함,17,20,17:20,무,학생,19.20 ℃
2020-04-28,남,24,미지근함,17,20,17:20,무,학생,19.20 ℃
2020-04-24,남,24,미지근함,17,20,17:20,무,학생,15.80 ℃
2020-04-24,남,24,따뜻함,18,20,18:20,무,학생,14.70 ℃
2020-04-26,남,24,따뜻함,19,20,19:20,무,학생,14.90 ℃
2020-04-28,남,24,미지근함,19,20,19:20,무,건설업,15.80 ℃
2020-04-28,남,24,따뜻함,20,20,20:20,무,학생,14.30 ℃
2020-04-29,남,24,따뜻함,20,20,20:20,무,학생,17.30 ℃
2020-04-28,남,24,시원함,22,20,22:20,무,학생,12.70 ℃
2020-04-29,남,24,따뜻함,8,25,8:25,무,학생,11.80 ℃
2020-04-27,남,24,따뜻함,20,25,20:25,무,학생,12.60 ℃
2020-04-29,남,24,따뜻함,21,25,21:25,무,학생,15.90 ℃
2020-04-27,남,24,따뜻함,16,30,16:30,유,학생,18.30 ℃
2020-04-24,남,24,미지근함,17,30,17:30,유,학생,15.80 ℃
2020-04-21,남,24,미지근함,19,30,19:30,무,학생,8.50 ℃
2020-04-26,남,24,따뜻함,21,40,21:40,무,학생,14.10 ℃
2020-04-29,남,24,따뜻함,13,50,13:50,무,학생,20.70 ℃
2020-04-24,남,24,따뜻함,10,60,11:00,무,학생,12.00 ℃
2020-04-28,남,24,따뜻함,15,60,16:00,무,학생,20.40 ℃
2020-04-29,남,24,따뜻함,18,60,19:00,유,학생,21.00 ℃
2020-04-27,남,24,따뜻함,19,120,21:00,유,학생,13.90 ℃
2020-04-25,남,25,따뜻함,20,7,20:07,무,학생,14.20 ℃
2020-04-29,남,25,시원함,6,10,6:10,무,자영업자,8.20 ℃
2020-04-27,남,25,따뜻함,10,10,10:10,무,학생,15.40 ℃
2020-04-27,남,25,따뜻함,11,10,11:10,무,학생,16.80 ℃
2020-04-27,남,25,따뜻함,17,10,17:10,무,학생,17.20 ℃
2020-04-14,남,25,미지근함,17,10,17:10,무,학생,20.10 ℃
2020-04-14,남,25,따뜻함,18,10,18:10,무,학생,18.10 ℃
2020-04-17,남,25,따뜻함,18,10,18:10,무,건설업,17.40 ℃
2020-04-17,남,25,따뜻함,18,10,18:10,무,군인,17.40 ℃
2020-04-28,남,25,따뜻함,18,10,18:10,무,군인,18.30 ℃
2020-04-29,남,25,따뜻함,19,10,19:10,무,군인,18.70 ℃
2020-04-25,남,25,따뜻함,20,10,20:10,무,학생,14.20 ℃
2020-04-27,남,25,미지근함,20,10,20:10,무,학생,12.60 ℃
2020-04-25,남,25,따뜻함,22,10,22:10,무,학생,12.00 ℃
2020-04-27,남,25,미지근함,7,15,7:15,무,학생,7.60 ℃
2020-04-17,남,25,따뜻함,7,15,7:15,무,학생,11.30 ℃
2020-04-29,남,25,따뜻함,8,15,8:15,무,학생,11.80 ℃
2020-04-27,남,25,시원함,8,15,8:15,무,학생,10.20 ℃
2020-04-26,남,25,따뜻함,8,15,8:15,무,학생,9.30 ℃
2020-04-26,남,25,따뜻함,9,15,9:15,무,학생,11.30 ℃
2020-04-28,남,25,따뜻함,13,15,13:15,무,학생,19.90 ℃
2020-04-17,남,25,따뜻함,14,15,14:15,무,학생,17.30 ℃
2020-04-27,남,25,따뜻함,14,15,14:15,무,학생,18.80 ℃
2020-04-07,남,25,따뜻함,15,15,15:15,무,학생,18.50 ℃
2020-04-27,남,25,따뜻함,16,15,16:15,무,학생,18.30 ℃
2020-04-29,남,25,따뜻함,16,15,16:15,무,학생,23.70 ℃
2020-04-28,남,25,따뜻함,17,15,17:15,무,군인,19.20 ℃
2020-04-26,남,25,따뜻함,19,15,19:15,무,학생,14.90 ℃
2020-04-27,남,25,따뜻함,20,15,20:15,무,학생,12.60 ℃
2020-04-17,남,25,미지근함,20,15,20:15,무,학생,14.50 ℃
2020-04-14,남,25,따뜻함,22,15,22:15,유,학생,11.80 ℃
2020-04-29,남,25,따뜻함,22,15,22:15,무,학생,15.00 ℃
2020-04-27,남,25,따뜻함,22,15,22:15,무,학생,10.50 ℃
2020-04-24,남,25,따뜻함,23,15,23:15,무,학생,10.20 ℃
2020-04-24,남,25,따뜻함,8,20,8:20,무,학생,8.00 ℃
2020-04-28,남,25,따뜻함,8,20,8:20,무,학생,9.40 ℃
2020-04-28,남,25,따뜻함,8,20,8:20,무,학생,9.40 ℃
2020-04-28,남,25,따뜻함,8,20,8:20,무,학생,9.40 ℃
2020-04-21,남,25,미지근함,8,20,8:20,무,학생,10.10 ℃
2020-04-29,남,25,시원함,9,20,9:20,무,학생,14.40 ℃
2020-04-28,남,25,따뜻함,9,20,9:20,무,학생,11.20 ℃
2020-04-28,남,25,따뜻함,10,20,10:20,무,학생,14.20 ℃
2020-04-28,남,25,따뜻함,11,20,11:20,무,학생,15.90 ℃
2020-04-24,남,25,따뜻함,11,20,11:20,무,학생,13.70 ℃
2020-04-29,남,25,따뜻함,12,20,12:20,무,학생,20.20 ℃
2020-04-29,남,25,미지근함,12,20,12:20,무,학생,20.20 ℃
2020-04-26,남,25,따뜻함,13,20,13:20,무,학생,17.20 ℃
2020-04-24,남,25,미지근함,15,20,15:20,무,학생,16.80 ℃
2020-04-14,남,25,따뜻함,15,20,15:20,무,학생,21.10 ℃
2020-04-26,남,25,따뜻함,15,20,15:20,무,학생,18.20 ℃
2020-04-28,남,25,따뜻함,15,20,15:20,무,학생,20.40 ℃
2020-04-28,남,25,따뜻함,15,20,15:20,무,학생,20.40 ℃
2020-04-27,남,25,따뜻함,16,20,16:20,무,학생,18.30 ℃
2020-04-02,남,25,따뜻함,17,20,17:20,무,학생,15.30 ℃
2020-04-27,남,25,따뜻함,17,20,17:20,무,학생,17.20 ℃
2020-04-02,남,25,따뜻함,18,20,18:20,무,학생,13.40 ℃
2020-04-27,남,25,따뜻함,18,20,18:20,무,학생,16.10 ℃
2020-04-24,남,25,미지근함,18,20,18:20,무,학생,14.70 ℃
2020-04-29,남,25,따뜻함,18,20,18:20,무,학생,21.00 ℃
2020-04-24,남,25,따뜻함,18,20,18:20,무,학생,14.70 ℃
2020-04-27,남,25,따뜻함,18,20,18:20,무,학생,16.10 ℃
2020-04-27,남,25,따뜻함,18,20,18:20,무,학생,16.10 ℃
2020-04-26,남,25,미지근함,18,20,18:20,무,건설업,17.00 ℃
2020-04-21,남,25,미지근함,18,20,18:20,무,학생,9.60 ℃
2020-04-21,남,25,따뜻함,18,20,18:20,무,학생,9.60 ℃
2020-04-26,남,25,따뜻함,18,20,18:20,무,학생,17.00 ℃
2020-04-21,남,25,미지근함,19,20,19:20,무,학생,8.50 ℃
2020-04-19,남,25,따뜻함,19,20,19:20,무,학생,10.20 ℃
2020-04-28,남,25,따뜻함,19,20,19:20,무,학생,15.80 ℃
2020-04-26,남,25,따뜻함,19,20,19:20,무,학생,14.90 ℃
2020-04-21,남,25,따뜻함,19,20,19:20,무,학생,8.50 ℃
2020-04-17,남,25,따뜻함,19,20,19:20,무,학생,15.80 ℃
2020-04-24,남,25,따뜻함,19,20,19:20,무,건설업,12.90 ℃
2020-04-27,남,25,따뜻함,19,20,19:20,무,학생,13.90 ℃
2020-04-27,남,25,따뜻함,19,20,19:20,무,학생,13.90 ℃
2020-04-26,남,25,따뜻함,20,20,20:20,무,학생,14.20 ℃
2020-04-27,남,25,따뜻함,20,20,20:20,무,학생,12.60 ℃
2020-04-26,남,25,따뜻함,20,20,20:20,무,학생,14.20 ℃
2020-04-27,남,25,따뜻함,20,20,20:20,유,학생,12.60 ℃
2020-04-27,남,25,미지근함,20,20,20:20,무,학생,12.60 ℃
2020-04-26,남,25,미지근함,20,20,20:20,무,학생,14.20 ℃
2020-04-26,남,25,따뜻함,20,20,20:20,무,학생,14.20 ℃
2020-04-28,남,25,따뜻함,20,20,20:20,무,학생,14.30 ℃
2020-04-29,남,25,따뜻함,21,20,21:20,무,학생,15.90 ℃
2020-04-27,남,25,따뜻함,21,20,21:20,무,학생,11.20 ℃
2020-04-26,남,25,따뜻함,21,20,21:20,무,학생,14.10 ℃
2020-04-27,남,25,따뜻함,21,20,21:20,무,학생,11.20 ℃
2020-04-27,남,25,미지근함,21,20,21:20,무,학생,11.20 ℃
2020-04-26,남,25,따뜻함,21,20,21:20,무,학생,14.10 ℃
2020-04-28,남,25,따뜻함,21,20,21:20,무,학생,13.60 ℃
2020-04-27,남,25,따뜻함,22,20,22:20,무,학생,10.50 ℃
2020-04-26,남,25,따뜻함,22,20,22:20,무,학생,13.40 ℃
2020-04-26,남,25,미지근함,22,20,22:20,무,학생,13.40 ℃
2020-04-24,남,25,따뜻함,22,20,22:20,무,학생,10.60 ℃
2020-04-27,남,25,따뜻함,22,20,22:20,무,학생,10.50 ℃
2020-04-27,남,25,미지근함,23,20,23:20,유,학생,10.20 ℃
2020-04-28,남,25,따뜻함,17,25,17:25,무,학생,19.20 ℃
2020-04-24,남,25,따뜻함,18,25,18:25,무,학생,14.70 ℃
2020-04-21,남,25,미지근함,18,25,18:25,무,학생,9.60 ℃
2020-04-28,남,25,시원함,22,25,22:25,무,학생,12.70 ℃
2020-04-17,남,25,따뜻함,23,25,23:25,유,학생,11.00 ℃
2020-04-17,남,25,따뜻함,8,30,8:30,유,학생,11.20 ℃
2020-04-04,남,25,따뜻함,8,30,8:30,무,학생,5.90 ℃
2020-04-26,남,25,따뜻함,10,30,10:30,무,학생,13.60 ℃
2020-04-02,남,25,따뜻함,10,30,10:30,무,학생,11.10 ℃
2020-04-17,남,25,미지근함,12,30,12:30,무,학생,14.50 ℃
2020-04-28,남,25,따뜻함,12,30,12:30,유,학생,18.10 ℃
2020-04-02,남,25,미지근함,17,30,17:30,무,학생,15.30 ℃
2020-04-21,남,25,따뜻함,17,30,17:30,무,학생,11.00 ℃
2020-04-28,남,25,미지근함,17,30,17:30,무,학생,19.20 ℃
2020-04-29,남,25,따뜻함,17,30,17:30,무,학생,23.30 ℃
2020-04-28,남,25,따뜻함,18,30,18:30,무,학생,18.30 ℃
2020-04-21,남,25,따뜻함,18,30,18:30,무,건설업,9.60 ℃
2020-04-29,남,25,따뜻함,18,30,18:30,무,학생,21.00 ℃
2020-04-28,남,25,따뜻함,19,30,19:30,무,학생,15.80 ℃
2020-04-28,남,25,따뜻함,19,30,19:30,무,학생,15.80 ℃
2020-04-28,남,25,따뜻함,19,30,19:30,무,학생,15.80 ℃
2020-04-02,남,25,따뜻함,20,30,20:30,유,학생,10.90 ℃
2020-04-14,남,25,따뜻함,20,30,20:30,유,학생,13.80 ℃
2020-04-02,남,25,따뜻함,20,30,20:30,무,학생,10.90 ℃
2020-04-02,남,25,따뜻함,20,30,20:30,무,학생,10.90 ℃
2020-04-14,남,25,따뜻함,21,30,21:30,무,학생,12.80 ℃
2020-04-24,남,25,따뜻함,22,30,22:30,무,학생,10.60 ℃
2020-04-02,남,25,따뜻함,22,30,22:30,무,학생,9.60 ℃
2020-04-14,남,25,따뜻함,22,30,22:30,유,학생,11.80 ℃
2020-04-17,남,25,따뜻함,22,30,22:30,무,학생,12.30 ℃
2020-04-14,남,25,미지근함,23,30,23:30,무,학생,11.00 ℃
2020-04-29,남,25,따뜻함,18,35,18:35,무,학생,21.00 ℃
2020-04-05,남,25,따뜻함,8,40,8:40,무,학생,5.50 ℃
2020-04-08,남,25,따뜻함,12,40,12:40,유,무직,15.00 ℃
2020-04-21,남,25,미지근함,17,40,17:40,유,학생,11.00 ℃
2020-04-27,남,26,따뜻함,7,15,7:15,무,건설업,7.60 ℃
2020-04-28,남,26,따뜻함,19,15,19:15,무,학생,15.80 ℃
2020-04-28,남,26,따뜻함,18,20,18:20,유,학생,18.30 ℃
2020-04-28,남,26,따뜻함,19,20,19:20,무,군인,15.80 ℃
2020-04-28,남,26,미지근함,18,30,18:30,무,군인,18.30 ℃
2020-04-24,남,26,미지근함,8,10,8:10,무,자영업자,8.00 ℃
2020-04-02,남,26,따뜻함,10,10,10:10,무,학생,11.10 ℃
2020-04-26,남,26,시원함,10,10,10:10,무,무직,13.60 ℃
2020-04-26,남,26,따뜻함,15,10,15:10,무,서비스업,18.20 ℃
2020-04-29,남,26,미지근함,12,15,12:15,무,간호사,20.20 ℃
2020-04-28,남,26,따뜻함,20,15,20:15,무,무직,14.30 ℃
2020-04-28,남,26,미지근함,20,15,20:15,무,군인,14.30 ℃
2020-04-29,남,26,따뜻함,10,20,10:20,무,학생,17.20 ℃
2020-04-29,남,26,따뜻함,11,20,11:20,무,학생,18.10 ℃
2020-04-29,남,26,따뜻함,16,20,16:20,무,학생,23.70 ℃
2020-04-27,남,26,시원함,17,20,17:20,무,학생,17.20 ℃
2020-04-09,남,26,따뜻함,20,20,20:20,무,군인,9.40 ℃
2020-04-28,남,26,따뜻함,20,20,20:20,무,자영업자,14.30 ℃
2020-04-27,남,26,따뜻함,14,25,14:25,무,서비스업,18.80 ℃
2020-04-29,남,26,따뜻함,13,30,13:30,무,서비스업,20.70 ℃
2020-04-29,남,26,미지근함,14,30,14:30,유,무직,22.20 ℃
2020-04-26,남,26,따뜻함,20,30,20:30,무,학생,14.20 ℃
2020-04-27,남,26,따뜻함,20,30,20:30,무,학생,12.60 ℃
2020-04-28,남,26,시원함,20,30,20:30,무,회사원,14.30 ℃
2020-04-27,남,26,따뜻함,21,30,21:30,유,회사원,11.20 ℃
2020-04-27,남,26,따뜻함,21,30,21:30,무,서비스업,11.20 ℃
2020-04-29,남,26,미지근함,17,40,17:40,무,자영업자,23.30 ℃
2020-04-29,남,27,따뜻함,7,10,7:10,무,공무원,9.10 ℃
2020-04-26,남,27,따뜻함,18,10,18:10,무,공무원,17.00 ℃
2020-04-27,남,27,시원함,7,15,7:15,무,회사원,7.60 ℃
2020-04-29,남,27,미지근함,18,15,18:15,무,회사원,21.00 ℃
2020-04-27,남,27,미지근함,18,20,18:20,무,회사원,16.10 ℃
2020-04-27,남,27,미지근함,18,20,18:20,무,연구원,16.10 ℃
2020-04-27,남,27,미지근함,18,20,18:20,무,건설업,16.10 ℃
2020-04-28,남,27,따뜻함,19,20,19:20,무,학생,15.80 ℃
2020-04-26,남,27,따뜻함,7,30,7:30,무,학생,7.70 ℃
2020-04-02,남,27,따뜻함,18,30,18:30,무,서비스업,13.40 ℃
2020-04-26,남,27,시원함,18,30,18:30,무,서비스업,17.00 ℃
2020-04-02,남,27,따뜻함,19,30,19:30,유,학생,12.10 ℃
2020-04-02,남,27,따뜻함,19,30,19:30,유,서비스업,12.10 ℃
2020-04-26,남,27,시원함,17,5,17:05,무,군인,18.10 ℃
2020-04-28,남,27,미지근함,20,7,20:07,무,회사원,14.30 ℃
2020-04-02,남,27,따뜻함,10,10,10:10,무,무직,11.10 ℃
2020-04-26,남,27,시원함,9,15,9:15,무,학생,11.30 ℃
2020-04-26,남,27,시원함,12,15,12:15,무,학생,16.80 ℃
2020-04-02,남,27,따뜻함,8,20,8:20,무,회사원,7.20 ℃
2020-04-02,남,27,따뜻함,10,20,10:20,무,서비스업,11.10 ℃
2020-04-26,남,27,미지근함,10,20,10:20,무,학생,13.60 ℃
2020-04-26,남,27,따뜻함,11,20,11:20,무,자영업자,15.80 ℃
2020-04-26,남,27,미지근함,20,20,20:20,무,회사원,14.20 ℃
2020-04-29,남,27,따뜻함,20,20,20:20,무,회사원,17.30 ℃
2020-04-02,남,27,시원함,20,20,20:20,무,군인,10.90 ℃
2020-04-02,남,27,미지근함,20,25,20:25,유,회사원,10.90 ℃
2020-04-26,남,27,따뜻함,21,25,21:25,무,회사원,14.10 ℃
2020-04-28,남,27,따뜻함,10,30,10:30,무,자영업자,14.20 ℃
2020-04-28,남,27,미지근함,15,30,15:30,무,서비스업,20.40 ℃
2020-04-26,남,27,따뜻함,20,30,20:30,무,학생,14.20 ℃
2020-04-26,남,27,따뜻함,20,30,20:30,무,회사원,14.20 ℃
2020-04-02,남,27,따뜻함,20,30,20:30,무,공무원,10.90 ℃
2020-04-26,남,27,따뜻함,20,30,20:30,무,회사원,14.20 ℃
2020-04-28,남,27,시원함,20,30,20:30,무,자영업자,14.30 ℃
2020-04-26,남,27,따뜻함,20,30,20:30,무,회사원,14.20 ℃
2020-04-26,남,27,미지근함,17,40,17:40,유,군인,18.10 ℃
2020-04-27,남,27,따뜻함,20,40,20:40,유,무직,12.60 ℃
2020-04-02,남,28,시원함,5,20,5:20,유,건설업,5.80 ℃
2020-04-28,남,28,따뜻함,6,20,6:20,무,회사원,6.40 ℃
2020-04-28,남,28,미지근함,18,20,18:20,무,군인,18.30 ℃
2020-04-28,남,28,따뜻함,18,20,18:20,무,공무원,18.30 ℃
2020-04-26,남,28,따뜻함,18,20,18:20,무,회사원,17.00 ℃
2020-04-26,남,28,따뜻함,18,20,18:20,무,회사원,17.00 ℃
2020-04-02,남,28,따뜻함,6,30,6:30,무,군인,5.60 ℃
2020-04-02,남,28,따뜻함,19,40,19:40,무,공무원,12.10 ℃
2020-04-26,남,28,미지근함,8,15,8:15,무,회사원,9.30 ℃
2020-04-02,남,28,따뜻함,20,15,20:15,무,자영업자,10.90 ℃
2020-04-02,남,28,따뜻함,20,15,20:15,무,서비스업,10.90 ℃
2020-04-26,남,28,따뜻함,8,20,8:20,무,회사원,9.30 ℃
2020-04-27,남,28,미지근함,20,20,20:20,무,건설업,12.60 ℃
2020-04-02,남,28,따뜻함,22,20,22:20,무,회사원,9.60 ℃
2020-04-26,남,28,미지근함,17,30,17:30,무,건설업,18.10 ℃
2020-04-02,남,28,미지근함,20,30,20:30,무,공무원,10.90 ℃
2020-04-27,남,28,따뜻함,20,30,20:30,무,군인,12.60 ℃
2020-04-27,남,28,따뜻함,20,30,20:30,유,회사원,12.60 ℃
2020-04-26,남,28,따뜻함,20,30,20:30,무,서비스업,14.20 ℃
2020-04-28,남,28,따뜻함,21,30,21:30,유,자영업자,13.60 ℃
2020-04-27,남,28,따뜻함,21,30,21:30,무,연구원,11.20 ℃
2020-04-21,남,28,따뜻함,21,30,21:30,무,회사원,7.40 ℃
2020-04-21,남,28,따뜻함,23,50,23:50,유,자영업자,6.90 ℃
2020-04-27,남,28,시원함,10,60,11:00,유,자영업자,15.40 ℃
2020-04-21,남,29,따뜻함,7,10,7:10,무,연구원,8.70 ℃
2020-04-28,남,29,따뜻함,6,20,6:20,무,회사원,6.40 ℃
2020-04-21,남,29,따뜻함,7,20,7:20,무,회사원,8.70 ℃
2020-04-21,남,29,따뜻함,18,30,18:30,유,회사원,9.60 ℃
2020-04-27,남,29,따뜻함,19,30,19:30,유,회사원,13.90 ℃
2020-04-28,남,29,따뜻함,19,50,19:50,유,회사원,15.80 ℃
2020-04-17,남,29,따뜻함,20,10,20:10,무,자영업자,14.50 ℃
2020-04-27,남,29,따뜻함,9,15,9:15,무,회사원,12.50 ℃
2020-04-24,남,29,따뜻함,14,15,14:15,무,자영업자,16.00 ℃
2020-04-17,남,29,따뜻함,22,15,22:15,무,회사원,12.30 ℃
2020-04-28,남,29,시원함,14,20,14:20,무,자영업자,19.50 ℃
2020-04-29,남,29,미지근함,15,20,15:20,무,무직,23.40 ℃
2020-04-28,남,29,따뜻함,16,20,16:20,무,회사원,20.20 ℃
2020-04-28,남,29,미지근함,17,20,17:20,무,회사원,19.20 ℃
2020-04-21,남,29,따뜻함,17,20,17:20,무,회사원,11.00 ℃
2020-04-21,남,29,따뜻함,20,20,20:20,무,무직,7.90 ℃
2020-04-28,남,29,미지근함,20,20,20:20,무,회사원,14.30 ℃
2020-04-28,남,29,따뜻함,21,20,21:20,무,연구원,13.60 ℃
2020-04-21,남,29,따뜻함,22,20,22:20,무,무직,7.10 ℃
2020-04-24,남,29,따뜻함,10,30,10:30,무,회사원,12.00 ℃
2020-04-24,남,29,미지근함,10,30,10:30,무,회사원,12.00 ℃
2020-04-24,남,29,따뜻함,20,30,20:30,무,회사원,11.80 ℃
2020-04-24,남,29,미지근함,21,30,21:30,무,회사원,11.10 ℃
2020-04-28,남,29,따뜻함,21,30,21:30,유,회사원,13.60 ℃
2020-04-29,남,29,미지근함,23,30,23:30,무,회사원,14.40 ℃
2020-04-29,남,30,시원함,7,15,7:15,무,군인,9.10 ℃
2020-04-21,남,30,따뜻함,18,20,18:20,무,회사원,9.60 ℃
2020-04-28,남,30,미지근함,7,30,7:30,무,회사원,7.30 ℃
2020-04-24,남,30,따뜻함,18,30,18:30,무,공무원,14.70 ℃
2020-04-28,남,30,미지근함,19,40,19:40,유,공무원,15.80 ℃
2020-04-24,남,30,따뜻함,15,10,15:10,무,자영업자,16.80 ℃
2020-04-21,남,30,미지근함,17,10,17:10,무,건설업,11.00 ℃
2020-04-29,남,30,따뜻함,20,10,20:10,무,회사원,17.30 ℃
2020-04-28,남,30,따뜻함,8,15,8:15,무,회사원,9.40 ℃
2020-04-17,남,30,따뜻함,20,15,20:15,무,회사원,14.50 ℃
2020-04-25,남,30,미지근함,21,15,21:15,무,공무원,13.10 ℃
2020-04-27,남,30,따뜻함,21,15,21:15,무,간호사,11.20 ℃
2020-04-24,남,30,미지근함,11,20,11:20,무,자영업자,13.70 ℃
2020-04-29,남,30,따뜻함,15,20,15:20,무,서비스업,23.40 ℃
2020-04-27,남,30,따뜻함,15,20,15:20,무,무직,18.60 ℃
2020-04-24,남,30,따뜻함,20,20,20:20,무,회사원,11.80 ℃
2020-04-17,남,30,따뜻함,20,20,20:20,무,군인,14.50 ℃
2020-04-28,남,30,따뜻함,22,20,22:20,무,회사원,12.70 ℃
2020-04-29,남,30,따뜻함,9,30,9:30,무,학생,14.40 ℃
2020-04-28,남,30,따뜻함,20,30,20:30,무,회사원,14.30 ℃
2020-04-25,남,30,따뜻함,21,30,21:30,무,회사원,13.10 ℃
2020-04-28,남,30,따뜻함,23,30,23:30,무,자영업자,12.20 ℃
2020-04-25,남,31,시원함,7,10,7:10,무,회사원,7.70 ℃
2020-04-27,남,31,따뜻함,19,10,19:10,무,회사원,13.90 ℃
2020-04-14,남,31,따뜻함,7,15,7:15,무,공무원,4.70 ℃
2020-04-17,남,31,시원함,7,15,7:15,무,회사원,11.30 ℃
2020-04-28,남,31,따뜻함,7,15,7:15,무,회사원,7.30 ℃
2020-04-28,남,31,따뜻함,18,15,18:15,무,회사원,18.30 ℃
2020-04-28,남,31,따뜻함,18,20,18:20,무,회사원,18.30 ℃
2020-04-17,남,31,미지근함,19,20,19:20,무,회사원,15.80 ℃
2020-04-24,남,31,미지근함,19,20,19:20,무,회사원,12.90 ℃
2020-04-29,남,31,따뜻함,18,40,18:40,무,회사원,21.00 ℃
2020-04-27,남,31,따뜻함,10,15,10:15,무,자영업자,15.40 ℃
2020-04-28,남,31,미지근함,18,15,18:15,무,회사원,18.30 ℃
2020-04-28,남,31,따뜻함,8,20,8:20,무,공무원,9.40 ℃
2020-04-25,남,31,따뜻함,8,20,8:20,무,자영업자,11.50 ℃
2020-04-24,남,31,따뜻함,20,20,20:20,무,회사원,11.80 ℃
2020-04-17,남,31,따뜻함,20,20,20:20,무,회사원,14.50 ℃
2020-04-29,남,31,따뜻함,19,25,19:25,무,서비스업,18.70 ℃
2020-04-24,남,31,미지근함,7,30,7:30,무,공무원,5.40 ℃
2020-04-28,남,31,따뜻함,11,30,11:30,무,자영업자,15.90 ℃
2020-04-21,남,31,따뜻함,19,30,19:30,유,회사원,8.50 ℃
2020-04-28,남,31,미지근함,20,30,20:30,무,회사원,14.30 ℃
2020-04-28,남,31,따뜻함,22,30,22:30,무,회사원,12.70 ℃
2020-04-21,남,31,따뜻함,23,30,23:30,무,회사원,6.90 ℃
2020-04-21,남,31,미지근함,20,60,21:00,유,회사원,7.90 ℃
2020-04-28,남,32,따뜻함,20,10,20:10,무,회사원,14.30 ℃
2020-04-21,남,32,따뜻함,10,15,10:15,무,서비스업,13.60 ℃
2020-04-21,남,32,미지근함,20,15,20:15,무,회사원,7.90 ℃
2020-04-02,남,32,따뜻함,20,15,20:15,무,회사원,10.90 ℃
2020-04-29,남,32,따뜻함,21,15,21:15,무,회사원,15.90 ℃
2020-04-26,남,32,미지근함,17,20,17:20,무,회사원,18.10 ℃
2020-04-24,남,32,따뜻함,20,25,20:25,무,회사원,11.80 ℃
2020-04-28,남,32,따뜻함,20,30,20:30,유,공무원,14.30 ℃
2020-04-28,남,32,따뜻함,20,30,20:30,무,회사원,14.30 ℃
2020-04-24,남,32,따뜻함,20,30,20:30,무,회사원,11.80 ℃
2020-04-24,남,32,미지근함,21,30,21:30,무,회사원,11.10 ℃
2020-04-28,남,32,시원함,7,10,7:10,무,회사원,7.30 ℃
2020-04-02,남,32,따뜻함,19,20,19:20,무,회사원,12.10 ℃
2020-04-17,남,32,따뜻함,19,20,19:20,무,회사원,15.80 ℃
2020-04-28,남,32,따뜻함,19,20,19:20,무,회사원,15.80 ℃
2020-04-27,남,33,시원함,20,15,20:15,무,회사원,12.60 ℃
2020-04-24,남,33,미지근함,8,20,8:20,무,회사원,8.00 ℃
2020-04-17,남,33,따뜻함,9,20,9:20,무,회사원,11.00 ℃
2020-04-26,남,33,따뜻함,17,20,17:20,무,자영업자,18.10 ℃
2020-04-25,남,33,따뜻함,10,25,10:25,무,회사원,17.70 ℃
2020-04-14,남,33,따뜻함,15,30,15:30,유,서비스업,21.10 ℃
2020-04-14,남,33,따뜻함,17,30,17:30,무,회사원,20.10 ℃
2020-04-04,남,33,미지근함,20,30,20:30,무,회사원,6.70 ℃
2020-04-28,남,33,따뜻함,20,30,20:30,무,회사원,14.30 ℃
2020-04-17,남,33,따뜻함,20,30,20:30,유,회사원,14.50 ℃
2020-04-26,남,33,따뜻함,18,15,18:15,무,군인,17.00 ℃
2020-04-27,남,33,따뜻함,18,20,18:20,무,군인,16.10 ℃
2020-04-28,남,33,미지근함,19,20,19:20,무,회사원,15.80 ℃
2020-04-27,남,33,따뜻함,7,30,7:30,무,군인,7.60 ℃
2020-04-26,남,33,시원함,19,40,19:40,유,회사원,14.90 ℃
2020-04-26,남,34,따뜻함,22,10,22:10,무,회사원,13.40 ℃
2020-04-28,남,34,따뜻함,20,15,20:15,무,회사원,14.30 ℃
2020-04-28,남,34,따뜻함,21,15,21:15,무,회사원,13.60 ℃
2020-04-28,남,34,따뜻함,12,20,12:20,무,회사원,18.10 ℃
2020-04-29,남,34,미지근함,20,20,20:20,무,회사원,17.30 ℃
2020-04-26,남,34,따뜻함,20,20,20:20,무,회사원,14.20 ℃
2020-04-27,남,34,따뜻함,13,30,13:30,무,자영업자,18.20 ℃
2020-04-28,남,34,따뜻함,17,30,17:30,무,건설업,19.20 ℃
2020-04-28,남,34,따뜻함,19,10,19:10,무,회사원,15.80 ℃
2020-04-24,남,34,따뜻함,7,20,7:20,무,회사원,5.40 ℃
2020-04-28,남,34,따뜻함,18,20,18:20,무,회사원,18.30 ℃
2020-04-24,남,34,따뜻함,19,20,19:20,무,회사원,12.90 ℃
2020-04-21,남,34,따뜻함,19,30,19:30,무,회사원,8.50 ℃
2020-04-21,남,35,따뜻함,17,15,17:15,무,군인,11.00 ℃
2020-04-24,남,35,미지근함,20,15,20:15,무,회사원,11.80 ℃
2020-04-21,남,35,따뜻함,17,20,17:20,무,회사원,11.00 ℃
2020-04-27,남,35,따뜻함,20,20,20:20,무,회사원,12.60 ℃
2020-04-28,남,35,따뜻함,20,20,20:20,무,회사원,14.30 ℃
2020-04-17,남,35,따뜻함,22,20,22:20,무,회사원,12.30 ℃
2020-04-28,남,35,미지근함,8,25,8:25,무,공무원,9.40 ℃
2020-04-24,남,35,미지근함,10,30,10:30,무,회사원,12.00 ℃
2020-04-28,남,35,미지근함,12,30,12:30,무,자영업자,18.10 ℃
2020-04-21,남,35,따뜻함,16,30,16:30,유,회사원,11.90 ℃
2020-04-27,남,35,미지근함,17,30,17:30,무,회사원,17.20 ℃
2020-04-26,남,35,따뜻함,17,30,17:30,유,한의사,18.10 ℃
2020-04-08,남,35,따뜻함,20,30,20:30,무,회사원,10.50 ℃
2020-04-28,남,35,따뜻함,20,30,20:30,무,회사원,14.30 ℃
2020-04-05,남,35,따뜻함,20,40,20:40,무,회사원,7.00 ℃
2020-04-27,남,35,따뜻함,18,15,18:15,무,공무원,16.10 ℃
2020-04-28,남,35,따뜻함,19,15,19:15,무,공무원,15.80 ℃
2020-04-21,남,35,따뜻함,7,20,7:20,무,군인,8.70 ℃
2020-04-28,남,35,미지근함,6,30,6:30,유,건설업,6.40 ℃
2020-04-26,남,36,미지근함,20,20,20:20,무,회사원,14.20 ℃
2020-04-27,남,36,시원함,21,20,21:20,무,회사원,11.20 ℃
2020-04-21,남,36,따뜻함,21,20,21:20,무,회사원,7.40 ℃
2020-04-17,남,36,따뜻함,16,30,16:30,무,건설업,16.30 ℃
2020-04-24,남,36,따뜻함,20,40,20:40,무,회사원,11.80 ℃
2020-04-29,남,36,따뜻함,18,20,18:20,무,공무원,21.00 ℃
2020-04-24,남,37,따뜻함,20,10,20:10,무,회사원,11.80 ℃
2020-04-28,남,37,따뜻함,20,15,20:15,무,회사원,14.30 ℃
2020-04-21,남,37,따뜻함,20,15,20:15,무,회사원,7.90 ℃
2020-04-17,남,37,따뜻함,8,20,8:20,유,공무원,11.20 ℃
2020-04-24,남,37,따뜻함,10,20,10:20,무,회사원,12.00 ℃
2020-04-27,남,37,따뜻함,20,20,20:20,무,회사원,12.60 ℃
2020-04-27,남,37,미지근함,20,20,20:20,무,회사원,12.60 ℃
2020-04-26,남,37,따뜻함,20,20,20:20,무,회사원,14.20 ℃
2020-04-24,남,37,시원함,21,20,21:20,무,공무원,11.10 ℃
2020-04-27,남,37,미지근함,22,20,22:20,무,회사원,10.50 ℃
2020-04-02,남,37,미지근함,12,30,12:30,유,회사원,14.60 ℃
2020-04-27,남,37,미지근함,17,30,17:30,무,공무원,17.20 ℃
2020-04-24,남,37,따뜻함,20,30,20:30,유,회사원,11.80 ℃
2020-04-26,남,37,미지근함,20,30,20:30,무,회사원,14.20 ℃
2020-04-24,남,37,따뜻함,21,30,21:30,무,회사원,11.10 ℃
2020-04-29,남,37,따뜻함,20,40,20:40,유,회사원,17.30 ℃
2020-04-26,남,37,시원함,7,15,7:15,무,회사원,7.70 ℃
2020-04-27,남,37,따뜻함,19,15,19:15,무,공무원,13.90 ℃
2020-04-27,남,37,미지근함,18,20,18:20,무,회사원,16.10 ℃
2020-04-26,남,37,따뜻함,19,20,19:20,무,회사원,14.90 ℃
2020-04-25,남,38,따뜻함,21,10,21:10,무,회사원,13.10 ℃
2020-04-29,남,38,시원함,20,15,20:15,무,공무원,17.30 ℃
2020-04-27,남,38,미지근함,12,20,12:20,무,한의사,17.80 ℃
2020-04-27,남,38,따뜻함,20,20,20:20,무,공무원,12.60 ℃
2020-04-28,남,38,따뜻함,22,20,22:20,무,회사원,12.70 ℃
2020-04-28,남,38,따뜻함,20,30,20:30,무,회사원,14.30 ℃
2020-04-24,남,38,따뜻함,20,30,20:30,무,회사원,11.80 ℃
2020-04-24,남,38,따뜻함,20,30,20:30,무,회사원,11.80 ℃
2020-04-26,남,38,따뜻함,20,30,20:30,무,회사원,14.20 ℃
2020-04-24,남,38,따뜻함,21,30,21:30,유,회사원,11.10 ℃
2020-04-24,남,38,따뜻함,19,20,19:20,무,군인,12.90 ℃
2020-04-26,남,38,따뜻함,19,20,19:20,무,공무원,14.90 ℃
2020-04-25,남,39,미지근함,20,10,20:10,무,회사원,14.20 ℃
2020-04-27,남,39,미지근함,20,20,20:20,무,회사원,12.60 ℃
2020-04-24,남,39,따뜻함,15,30,15:30,무,자영업자,16.80 ℃
2020-04-28,남,39,미지근함,17,30,17:30,무,자영업자,19.20 ℃
2020-04-27,남,39,미지근함,20,50,20:50,유,회사원,12.60 ℃
2020-04-25,남,40,따뜻함,9,15,9:15,무,자영업자,15.20 ℃
2020-04-28,남,40,따뜻함,9,20,9:20,무,자영업자,11.20 ℃
2020-04-29,남,40,따뜻함,21,20,21:20,무,회사원,15.90 ℃
2020-04-28,남,40,따뜻함,18,15,18:15,무,공무원,18.30 ℃
2020-04-29,남,40,미지근함,19,30,19:30,무,공무원,18.70 ℃
2020-04-24,남,41,따뜻함,11,20,11:20,무,자영업자,13.70 ℃
2020-04-29,남,41,미지근함,23,20,23:20,무,회사원,14.40 ℃
2020-04-02,남,41,따뜻함,10,30,10:30,무,회사원,11.10 ℃
2020-04-17,남,41,따뜻함,12,30,12:30,무,회사원,14.50 ℃
2020-04-26,남,41,미지근함,14,30,14:30,무,공무원,17.90 ℃
2020-04-02,남,41,따뜻함,20,30,20:30,무,회사원,10.90 ℃
2020-04-17,남,41,미지근함,21,30,21:30,무,회사원,13.80 ℃
2020-04-14,남,41,미지근함,21,30,21:30,유,공무원,12.80 ℃
2020-04-29,남,41,따뜻함,6,10,6:10,무,건설업,8.20 ℃
2020-04-03,남,41,따뜻함,6,20,6:20,무,회사원,4.30 ℃
2020-04-26,남,42,따뜻함,21,20,21:20,무,회사원,14.10 ℃
2020-04-02,남,42,따뜻함,17,25,17:25,무,군인,15.30 ℃
2020-04-28,남,42,따뜻함,22,30,22:30,무,회사원,12.70 ℃
2020-04-26,남,42,시원함,21,40,21:40,유,회사원,14.10 ℃
2020-04-28,남,43,따뜻함,21,15,21:15,무,회사원,13.60 ℃
2020-04-21,남,43,미지근함,20,30,20:30,무,공무원,7.90 ℃
2020-04-02,남,43,따뜻함,19,20,19:20,무,회사원,12.10 ℃
2020-04-26,남,44,따뜻함,20,20,20:20,무,회사원,14.20 ℃
2020-04-28,남,44,따뜻함,20,30,20:30,무,회사원,14.30 ℃
2020-04-28,남,44,미지근함,21,30,21:30,무,회사원,13.60 ℃
2020-04-02,남,45,따뜻함,14,15,14:15,무,자영업자,17.10 ℃
2020-04-17,남,45,미지근함,21,30,21:30,무,회사원,13.80 ℃
2020-04-26,남,47,따뜻함,10,50,10:50,유,자영업자,13.60 ℃
2020-04-02,남,48,따뜻함,9,10,9:10,무,자영업자,9.40 ℃
2020-04-28,남,48,따뜻함,20,20,20:20,무,회사원,14.30 ℃
2020-04-17,남,48,따뜻함,18,20,18:20,무,군인,17.40 ℃
2020-04-24,남,49,시원함,10,10,10:10,유,자영업자,12.00 ℃
2020-04-24,남,49,미지근함,21,15,21:15,무,농업,11.10 ℃
2020-04-24,남,50,따뜻함,20,25,20:25,무,회사원,11.80 ℃
2020-04-21,남,51,미지근함,19,20,19:20,무,회계사,8.50 ℃
2020-04-28,남,52,미지근함,12,30,12:30,유,회사원,18.10 ℃
2020-04-21,남,53,따뜻함,18,10,18:10,무,공무원,9.60 ℃
2020-04-02,남,54,미지근함,19,30,19:30,무,자영업자,12.10 ℃
2020-04-27,남,54,미지근함,19,30,19:30,무,회사원,13.90 ℃
2020-04-27,남,55,따뜻함,20,30,20:30,유,자영업자,12.60 ℃
2020-04-17,남,56,미지근함,19,20,19:20,무,회사원,15.80 ℃
2020-04-02,남,57,미지근함,19,10,19:10,유,공무원,12.10 ℃
2020-04-17,남,57,따뜻함,6,20,6:20,무,회사원,10.50 ℃
2020-04-02,남,57,따뜻함,19,20,19:20,무,공무원,12.10 ℃
2020-04-02,남,61,시원함,18,20,18:20,무,자영업자,13.40 ℃
2020-04-29,남,62,미지근함,6,20,6:20,무,회사원,8.20 ℃
2020-04-27,남,68,따뜻함,5,40,5:40,무,무직,8.30 ℃
2020-04-02,여,13,따뜻함,16,30,16:30,유,학생,17.80 ℃
2020-04-21,여,14,따뜻함,10,50,10:50,유,학생,13.60 ℃
2020-04-27,여,15,따뜻함,7,15,7:15,유,학생,7.60 ℃
2020-04-29,여,15,미지근함,7,30,7:30,무,학생,9.10 ℃
2020-04-29,여,15,따뜻함,17,30,17:30,무,학생,23.30 ℃
2020-04-02,여,15,따뜻함,20,30,20:30,무,학생,10.90 ℃
2020-04-02,여,16,따뜻함,16,30,16:30,유,학생,17.80 ℃
2020-04-29,여,17,미지근함,8,20,8:20,무,학생,11.80 ℃
2020-04-29,여,17,따뜻함,11,20,11:20,유,학생,18.10 ℃
2020-04-29,여,17,따뜻함,7,30,7:30,무,학생,9.10 ℃
2020-04-02,여,17,따뜻함,8,30,8:30,유,학생,7.20 ℃
2020-04-17,여,17,따뜻함,15,30,15:30,무,학생,16.60 ℃
2020-04-24,여,17,따뜻함,16,30,16:30,유,학생,16.20 ℃
2020-04-29,여,17,따뜻함,22,40,22:40,유,학생,15.00 ℃
2020-04-29,여,18,따뜻함,19,20,19:20,무,학생,18.70 ℃
2020-04-28,여,18,따뜻함,23,30,23:30,무,학생,12.20 ℃
2020-04-17,여,19,따뜻함,7,15,7:15,유,학생,11.30 ℃
2020-04-24,여,19,따뜻함,7,20,7:20,무,학생,5.40 ℃
2020-04-27,여,19,따뜻함,18,20,18:20,무,학생,16.10 ℃
2020-04-27,여,19,따뜻함,22,20,22:20,무,학생,10.50 ℃
2020-04-27,여,19,따뜻함,17,25,17:25,무,학생,17.20 ℃
2020-04-26,여,19,따뜻함,18,30,18:30,무,학생,17.00 ℃
2020-04-27,여,19,따뜻함,20,40,20:40,무,학생,12.60 ℃
2020-04-26,여,20,따뜻함,12,15,12:15,무,학생,16.80 ℃
2020-04-26,여,20,따뜻함,20,15,20:15,무,학생,14.20 ℃
2020-04-26,여,20,미지근함,8,20,8:20,무,학생,9.30 ℃
2020-04-25,여,20,따뜻함,9,20,9:20,무,학생,15.20 ℃
2020-04-26,여,20,따뜻함,10,20,10:20,무,학생,13.60 ℃
2020-04-27,여,20,따뜻함,15,20,15:20,무,학생,18.60 ℃
2020-04-26,여,20,따뜻함,17,20,17:20,무,학생,18.10 ℃
2020-04-29,여,20,시원함,18,20,18:20,무,학생,21.00 ℃
2020-04-24,여,20,따뜻함,18,20,18:20,무,학생,14.70 ℃
2020-04-26,여,20,따뜻함,19,20,19:20,무,학생,14.90 ℃
2020-04-28,여,20,따뜻함,19,20,19:20,유,학생,15.80 ℃
2020-04-28,여,20,미지근함,19,20,19:20,무,학생,15.80 ℃
2020-04-02,여,20,미지근함,9,25,9:25,무,학생,9.40 ℃
2020-04-02,여,20,미지근함,18,25,18:25,무,학생,13.40 ℃
2020-04-26,여,20,따뜻함,8,30,8:30,유,학생,9.30 ℃
2020-04-27,여,20,따뜻함,9,30,9:30,유,학생,12.50 ℃
2020-04-27,여,20,미지근함,11,30,11:30,유,학생,16.80 ℃
2020-04-26,여,20,따뜻함,12,30,12:30,유,학생,16.80 ℃
2020-04-28,여,20,따뜻함,16,30,16:30,무,학생,20.20 ℃
2020-04-27,여,20,따뜻함,17,30,17:30,무,학생,17.20 ℃
2020-04-28,여,20,따뜻함,17,30,17:30,유,학생,19.20 ℃
2020-04-26,여,20,따뜻함,18,30,18:30,유,학생,17.00 ℃
2020-04-28,여,20,따뜻함,22,30,22:30,유,학생,12.70 ℃
2020-04-26,여,20,따뜻함,23,30,23:30,무,학생,12.20 ℃
2020-04-25,여,20,미지근함,8,40,8:40,유,학생,11.50 ℃
2020-04-26,여,20,따뜻함,14,40,14:40,유,학생,17.90 ℃
2020-04-02,여,20,따뜻함,16,40,16:40,유,학생,17.80 ℃
2020-04-28,여,20,따뜻함,19,45,19:45,유,학생,15.80 ℃
2020-04-28,여,20,따뜻함,10,60,11:00,무,학생,14.20 ℃
2020-04-26,여,20,미지근함,18,60,19:00,무,학생,17.00 ℃
2020-04-28,여,21,따뜻함,18,10,18:10,무,학생,18.30 ℃
2020-04-27,여,21,미지근함,13,15,13:15,무,학생,18.20 ℃
2020-04-09,여,21,따뜻함,9,20,9:20,무,학생,8.90 ℃
2020-04-27,여,21,따뜻함,10,20,10:20,무,학생,15.40 ℃
2020-04-02,여,21,따뜻함,14,20,14:20,무,학생,17.10 ℃
2020-04-17,여,21,따뜻함,17,20,17:20,무,학생,16.40 ℃
2020-04-28,여,21,따뜻함,7,25,7:25,무,학생,7.30 ℃
2020-04-29,여,21,따뜻함,6,30,6:30,유,학생,8.20 ℃
2020-04-27,여,21,따뜻함,6,30,6:30,무,학생,7.20 ℃
2020-04-26,여,21,따뜻함,7,30,7:30,유,학생,7.70 ℃
2020-04-21,여,21,따뜻함,8,30,8:30,무,학생,10.10 ℃
2020-04-28,여,21,따뜻함,17,30,17:30,유,학생,19.20 ℃
2020-04-26,여,21,따뜻함,17,30,17:30,무,학생,18.10 ℃
2020-04-26,여,21,따뜻함,18,30,18:30,유,학생,17.00 ℃
2020-04-26,여,21,따뜻함,20,30,20:30,무,학생,14.20 ℃
2020-04-24,여,21,따뜻함,20,30,20:30,유,학생,11.80 ℃
2020-04-28,여,21,따뜻함,21,30,21:30,무,학생,13.60 ℃
2020-04-27,여,21,따뜻함,5,40,5:40,유,자영업자,8.30 ℃
2020-04-24,여,21,따뜻함,11,50,11:50,유,학생,13.70 ℃
2020-04-28,여,22,따뜻함,8,15,8:15,무,학생,9.40 ℃
2020-04-27,여,22,따뜻함,10,20,10:20,무,학생,15.40 ℃
2020-04-24,여,22,따뜻함,15,20,15:20,유,학생,16.80 ℃
2020-04-29,여,22,따뜻함,16,20,16:20,무,학생,23.70 ℃
2020-04-26,여,22,따뜻함,19,20,19:20,무,학생,14.90 ℃
2020-04-28,여,22,미지근함,20,20,20:20,무,학생,14.30 ℃
2020-04-28,여,22,따뜻함,20,20,20:20,무,학생,14.30 ℃
2020-04-24,여,22,따뜻함,22,20,22:20,유,학생,10.60 ℃
2020-04-20,여,22,미지근함,22,25,22:25,무,학생,9.40 ℃
2020-04-27,여,22,따뜻함,5,30,5:30,무,학생,8.30 ℃
2020-04-28,여,22,따뜻함,6,30,6:30,무,학생,6.40 ℃
2020-04-28,여,22,따뜻함,7,30,7:30,무,학생,7.30 ℃
2020-04-29,여,22,미지근함,10,30,10:30,무,학생,17.20 ℃
2020-04-27,여,22,따뜻함,12,30,12:30,무,학생,17.80 ℃
2020-04-26,여,22,미지근함,13,30,13:30,유,학생,17.20 ℃
2020-04-24,여,22,따뜻함,14,30,14:30,무,학생,16.00 ℃
2020-04-27,여,22,따뜻함,18,30,18:30,무,학생,16.10 ℃
2020-04-28,여,22,따뜻함,19,30,19:30,무,학생,15.80 ℃
2020-04-27,여,22,따뜻함,21,30,21:30,무,학생,11.20 ℃
2020-04-27,여,22,따뜻함,22,30,22:30,유,학생,10.50 ℃
2020-04-24,여,22,따뜻함,22,30,22:30,유,학생,10.60 ℃
2020-04-26,여,22,따뜻함,8,40,8:40,유,학생,9.30 ℃
2020-04-27,여,22,따뜻함,8,40,8:40,무,학생,10.20 ℃
2020-04-24,여,22,따뜻함,12,40,12:40,유,학생,15.20 ℃
2020-04-25,여,22,따뜻함,12,40,12:40,유,학생,20.30 ℃
2020-04-14,여,22,따뜻함,14,40,14:40,유,학생,20.10 ℃
2020-04-27,여,22,따뜻함,17,40,17:40,유,학생,17.20 ℃
2020-04-27,여,22,시원함,19,40,19:40,무,학생,13.90 ℃
2020-04-27,여,22,따뜻함,20,40,20:40,무,학생,12.60 ℃
2020-04-27,여,22,따뜻함,21,40,21:40,무,학생,11.20 ℃
2020-04-27,여,23,따뜻함,12,15,12:15,무,학생,17.80 ℃
2020-04-27,여,23,따뜻함,8,20,8:20,무,학생,10.20 ℃
2020-04-28,여,23,따뜻함,10,20,10:20,무,학생,14.20 ℃
2020-04-21,여,23,따뜻함,18,20,18:20,유,학생,9.60 ℃
2020-04-27,여,23,따뜻함,19,20,19:20,무,학생,13.90 ℃
2020-04-27,여,23,따뜻함,8,30,8:30,무,학생,10.20 ℃
2020-04-28,여,23,미지근함,14,30,14:30,유,학생,19.50 ℃
2020-04-26,여,23,미지근함,17,30,17:30,무,학생,18.10 ℃
2020-04-26,여,23,따뜻함,17,30,17:30,유,학생,18.10 ℃
2020-04-24,여,23,따뜻함,21,30,21:30,무,학생,11.10 ℃
2020-04-28,여,23,따뜻함,16,40,16:40,유,학생,20.20 ℃
2020-04-08,여,23,따뜻함,21,40,21:40,무,학생,10.00 ℃
2020-04-26,여,23,미지근함,8,60,9:00,유,학생,9.30 ℃
2020-04-29,여,24,따뜻함,15,10,15:10,무,무직,23.40 ℃
2020-04-28,여,24,시원함,19,10,19:10,무,학생,15.80 ℃
2020-04-24,여,24,미지근함,6,20,6:20,무,간호사,5.40 ℃
2020-04-27,여,24,따뜻함,7,20,7:20,무,학생,7.60 ℃
2020-04-24,여,24,따뜻함,8,20,8:20,무,학생,8.00 ℃
2020-04-28,여,24,시원함,13,20,13:20,유,무직,19.90 ℃
2020-04-24,여,24,미지근함,18,20,18:20,유,무직,14.70 ℃
2020-04-24,여,24,따뜻함,5,30,5:30,유,간호사,5.20 ℃
2020-04-29,여,24,따뜻함,10,30,10:30,유,자영업자,17.20 ℃
2020-04-24,여,24,시원함,11,30,11:30,무,무직,13.70 ℃
2020-04-27,여,24,따뜻함,11,30,11:30,유,학생,16.80 ℃
2020-04-28,여,24,따뜻함,12,30,12:30,무,학생,18.10 ℃
2020-04-24,여,24,미지근함,16,30,16:30,유,학생,16.20 ℃
2020-04-28,여,24,따뜻함,17,30,17:30,유,학생,19.20 ℃
2020-04-24,여,24,따뜻함,18,30,18:30,유,학생,14.70 ℃
2020-04-28,여,24,따뜻함,18,30,18:30,유,학생,18.30 ℃
2020-04-28,여,24,따뜻함,18,30,18:30,무,학생,18.30 ℃
2020-04-27,여,24,따뜻함,19,30,19:30,무,학생,13.90 ℃
2020-04-26,여,24,따뜻함,21,30,21:30,무,학생,14.10 ℃
2020-04-28,여,24,따뜻함,21,30,21:30,무,학생,13.60 ℃
2020-04-28,여,24,따뜻함,22,30,22:30,무,간호사,12.70 ℃
2020-04-24,여,24,따뜻함,16,40,16:40,유,학생,16.20 ℃
2020-04-26,여,24,따뜻함,20,40,20:40,유,학생,14.20 ℃
2020-04-24,여,24,미지근함,20,40,20:40,유,학생,11.80 ℃
2020-04-27,여,25,시원함,17,10,17:10,무,학생,17.20 ℃
2020-04-17,여,25,따뜻함,19,15,19:15,유,학생,15.80 ℃
2020-04-28,여,25,따뜻함,7,20,7:20,유,학생,7.30 ℃
2020-04-28,여,25,미지근함,12,20,12:20,무,학생,18.10 ℃
2020-04-27,여,25,미지근함,12,20,12:20,무,학생,17.80 ℃
2020-04-28,여,25,따뜻함,14,20,14:20,무,학생,19.50 ℃
2020-04-29,여,25,미지근함,20,20,20:20,무,간호사,17.30 ℃
2020-04-27,여,25,미지근함,20,20,20:20,무,학생,12.60 ℃
2020-04-24,여,25,따뜻함,10,25,10:25,무,학생,12.00 ℃
2020-04-17,여,25,따뜻함,22,25,22:25,무,학생,12.30 ℃
2020-04-24,여,25,따뜻함,5,30,5:30,유,학생,5.20 ℃
2020-04-24,여,25,따뜻함,8,30,8:30,무,학생,8.00 ℃
2020-04-21,여,25,따뜻함,10,30,10:30,무,학생,13.60 ℃
2020-04-28,여,25,미지근함,12,30,12:30,유,학생,18.10 ℃
2020-04-02,여,25,따뜻함,13,30,13:30,무,학생,16.10 ℃
2020-04-24,여,25,따뜻함,18,30,18:30,무,학생,14.70 ℃
2020-04-29,여,25,미지근함,19,30,19:30,유,학생,18.70 ℃
2020-04-27,여,25,따뜻함,19,30,19:30,무,학생,13.90 ℃
2020-04-28,여,25,미지근함,20,30,20:30,무,간호사,14.30 ℃
2020-04-26,여,25,따뜻함,20,30,20:30,유,학생,14.20 ℃
2020-04-27,여,25,따뜻함,20,30,20:30,무,학생,12.60 ℃
2020-04-29,여,25,따뜻함,20,30,20:30,무,학생,17.30 ℃
2020-04-24,여,25,따뜻함,21,30,21:30,유,학생,11.10 ℃
2020-04-29,여,25,따뜻함,21,30,21:30,유,학생,15.90 ℃
2020-04-28,여,25,따뜻함,22,30,22:30,유,학생,12.70 ℃
2020-04-26,여,25,따뜻함,20,35,20:35,유,학생,14.20 ℃
2020-04-24,여,25,따뜻함,20,40,20:40,유,학생,11.80 ℃
2020-04-24,여,26,따뜻함,18,20,18:20,유,무직,14.70 ℃
2020-04-24,여,26,따뜻함,18,25,18:25,무,무직,14.70 ℃
2020-04-26,여,26,미지근함,19,30,19:30,무,무직,14.90 ℃
2020-04-26,여,26,미지근함,6,60,7:00,유,건설업,7.30 ℃
2020-04-28,여,26,미지근함,7,60,8:00,유,군인,7.30 ℃
2020-04-26,여,26,따뜻함,14,10,14:10,무,서비스업,17.90 ℃
2020-04-28,여,26,따뜻함,9,15,9:15,무,간호사,11.20 ℃
2020-04-26,여,26,따뜻함,11,20,11:20,무,자영업자,15.80 ℃
2020-04-27,여,26,따뜻함,22,20,22:20,무,군인,10.50 ℃
2020-04-28,여,26,미지근함,15,30,15:30,무,학생,20.40 ℃
2020-04-21,여,26,미지근함,17,30,17:30,유,학생,11.00 ℃
2020-04-24,여,26,따뜻함,20,30,20:30,무,회사원,11.80 ℃
2020-04-26,여,26,따뜻함,14,40,14:40,유,무직,17.90 ℃
2020-04-24,여,26,따뜻함,17,40,17:40,유,서비스업,15.80 ℃
2020-04-28,여,26,따뜻함,17,40,17:40,유,서비스업,19.20 ℃
2020-04-27,여,27,따뜻함,18,30,18:30,무,공무원,16.10 ℃
2020-04-28,여,27,미지근함,18,30,18:30,무,회사원,18.30 ℃
2020-04-27,여,27,따뜻함,19,30,19:30,유,간호사,13.90 ℃
2020-04-24,여,27,미지근함,19,40,19:40,유,서비스업,12.90 ℃
2020-04-28,여,27,미지근함,19,40,19:40,유,회사원,15.80 ℃
2020-04-24,여,27,미지근함,17,20,17:20,무,서비스업,15.80 ℃
2020-04-24,여,27,따뜻함,8,30,8:30,무,간호사,8.00 ℃
2020-04-26,여,27,따뜻함,8,30,8:30,무,학생,9.30 ℃
2020-04-28,여,27,미지근함,8,30,8:30,유,서비스업,9.40 ℃
2020-04-27,여,27,따뜻함,17,40,17:40,유,군인,17.20 ℃
2020-04-29,여,27,따뜻함,13,50,13:50,유,학생,20.70 ℃
2020-04-24,여,27,따뜻함,17,60,18:00,무,자영업자,15.80 ℃
2020-04-28,여,27,따뜻함,20,60,21:00,유,회사원,14.30 ℃
2020-04-14,여,27,따뜻함,20,50,20:50,유,공무원,13.80 ℃
2020-04-26,여,27,미지근함,17,50,17:50,유,서비스업,18.10 ℃
2020-04-28,여,28,미지근함,18,20,18:20,무,서비스업,18.30 ℃
2020-04-29,여,28,따뜻함,19,20,19:20,무,서비스업,18.70 ℃
2020-04-26,여,28,따뜻함,19,20,19:20,무,학생,14.90 ℃
2020-04-24,여,28,따뜻함,19,30,19:30,무,회사원,12.90 ℃
2020-04-21,여,28,미지근함,19,30,19:30,무,회사원,8.50 ℃
2020-04-21,여,28,미지근함,19,40,19:40,유,회사원,8.50 ℃
2020-04-27,여,28,따뜻함,19,40,19:40,유,회사원,13.90 ℃
2020-04-29,여,28,따뜻함,22,10,22:10,무,군인,15.00 ℃
2020-04-24,여,28,미지근함,8,20,8:20,무,자영업자,8.00 ℃
2020-04-24,여,28,따뜻함,13,20,13:20,무,무직,15.60 ℃
2020-04-28,여,28,미지근함,16,20,16:20,무,자영업자,20.20 ℃
2020-04-28,여,28,따뜻함,20,20,20:20,무,회사원,14.30 ℃
2020-04-27,여,28,따뜻함,20,20,20:20,무,회사원,12.60 ℃
2020-04-24,여,28,따뜻함,20,20,20:20,무,공무원,11.80 ℃
2020-04-28,여,28,따뜻함,22,20,22:20,무,회사원,12.70 ℃
2020-04-21,여,28,따뜻함,22,20,22:20,무,회사원,7.10 ℃
2020-04-28,여,28,따뜻함,22,20,22:20,무,연구원,12.70 ℃
2020-04-27,여,28,따뜻함,8,30,8:30,유,간호사,10.20 ℃
2020-04-28,여,28,따뜻함,21,30,21:30,무,간호사,13.60 ℃
2020-04-25,여,28,따뜻함,17,40,17:40,무,군인,18.80 ℃
2020-04-28,여,28,미지근함,20,40,20:40,유,공무원,14.30 ℃
2020-04-26,여,29,따뜻함,6,20,6:20,무,군인,7.30 ℃
2020-04-27,여,29,따뜻함,7,20,7:20,무,회사원,7.60 ℃
2020-04-25,여,29,따뜻함,5,25,5:25,무,회사원,7.30 ℃
2020-04-29,여,29,따뜻함,18,30,18:30,무,회사원,21.00 ℃
2020-04-27,여,29,따뜻함,18,30,18:30,유,자영업자,16.10 ℃
2020-04-24,여,29,따뜻함,19,30,19:30,무,공무원,12.90 ℃
2020-04-27,여,29,따뜻함,7,40,7:40,무,회사원,7.60 ℃
2020-04-14,여,29,미지근함,21,15,21:15,무,자영업자,12.80 ℃
2020-04-02,여,29,따뜻함,22,15,22:15,무,회사원,9.60 ℃
2020-04-29,여,29,따뜻함,8,20,8:20,무,회사원,11.80 ℃
2020-04-28,여,29,따뜻함,17,20,17:20,무,건설업,19.20 ℃
2020-04-26,여,29,따뜻함,22,20,22:20,무,회사원,13.40 ℃
2020-04-27,여,29,따뜻함,8,30,8:30,무,회사원,10.20 ℃
2020-04-27,여,29,미지근함,10,30,10:30,무,공무원,15.40 ℃
2020-04-14,여,29,미지근함,20,30,20:30,유,회사원,13.80 ℃
2020-04-26,여,29,따뜻함,21,30,21:30,무,회사원,14.10 ℃
2020-04-24,여,29,따뜻함,21,30,21:30,무,회사원,11.10 ℃
2020-04-24,여,29,따뜻함,21,30,21:30,무,회사원,11.10 ℃
2020-04-28,여,29,따뜻함,21,30,21:30,유,간호사,13.60 ℃
2020-04-24,여,29,따뜻함,23,30,23:30,유,회사원,10.20 ℃
2020-04-27,여,29,미지근함,11,40,11:40,유,자영업자,16.80 ℃
2020-04-24,여,29,따뜻함,15,40,15:40,유,무직,16.80 ℃
2020-04-26,여,29,따뜻함,20,40,20:40,유,공무원,14.20 ℃
2020-04-26,여,29,따뜻함,20,40,20:40,무,회사원,14.20 ℃
2020-04-25,여,30,미지근함,19,30,19:30,유,회사원,15.50 ℃
2020-04-24,여,30,미지근함,19,30,19:30,유,회사원,12.90 ℃
2020-04-24,여,30,따뜻함,19,30,19:30,무,회사원,12.90 ℃
2020-04-17,여,30,따뜻함,17,20,17:20,무,회사원,16.40 ℃
2020-04-24,여,30,따뜻함,20,20,20:20,무,회사원,11.80 ℃
2020-04-24,여,30,따뜻함,17,30,17:30,무,회사원,15.80 ℃
2020-04-28,여,30,미지근함,20,30,20:30,무,회사원,14.30 ℃
2020-04-21,여,30,따뜻함,20,30,20:30,무,회사원,7.90 ℃
2020-04-26,여,30,따뜻함,21,30,21:30,무,회사원,14.10 ℃
2020-04-28,여,30,따뜻함,8,20,8:20,유,공무원,9.40 ℃
2020-04-28,여,30,미지근함,20,40,20:40,무,회사원,14.30 ℃
2020-04-28,여,30,따뜻함,21,40,21:40,무,간호사,13.60 ℃
2020-04-26,여,30,미지근함,16,50,16:50,유,자영업자,18.40 ℃
2020-04-27,여,30,미지근함,22,60,23:00,무,자영업자,10.50 ℃
2020-04-26,여,31,미지근함,18,20,18:20,무,회사원,17.00 ℃
2020-04-24,여,31,따뜻함,18,30,18:30,무,회사원,14.70 ℃
2020-04-25,여,31,미지근함,19,30,19:30,무,회사원,15.50 ℃
2020-04-24,여,31,미지근함,19,30,19:30,무,회사원,12.90 ℃
2020-04-26,여,31,따뜻함,20,20,20:20,무,회사원,14.20 ℃
2020-04-27,여,31,따뜻함,20,20,20:20,무,회사원,12.60 ℃
2020-04-28,여,31,따뜻함,20,20,20:20,무,회사원,14.30 ℃
2020-04-17,여,31,따뜻함,21,25,21:25,무,회사원,13.80 ℃
2020-04-27,여,31,따뜻함,20,30,20:30,무,회사원,12.60 ℃
2020-04-24,여,31,따뜻함,20,30,20:30,무,회사원,11.80 ℃
2020-04-28,여,32,따뜻함,12,20,12:20,무,자영업자,18.10 ℃
2020-04-28,여,32,시원함,17,20,17:20,무,군인,19.20 ℃
2020-04-27,여,32,따뜻함,20,30,20:30,유,회사원,12.60 ℃
2020-04-24,여,32,미지근함,17,40,17:40,무,회사원,15.80 ℃
2020-04-24,여,32,따뜻함,18,10,18:10,유,회사원,14.70 ℃
2020-04-29,여,32,따뜻함,18,20,18:20,무,공무원,21.00 ℃
2020-04-24,여,32,미지근함,18,20,18:20,무,회사원,14.70 ℃
2020-04-26,여,32,따뜻함,19,30,19:30,무,간호사,14.90 ℃
2020-04-27,여,33,따뜻함,20,10,20:10,무,회사원,12.60 ℃
2020-04-26,여,33,따뜻함,8,20,8:20,무,간호사,9.30 ℃
2020-04-26,여,33,미지근함,21,20,21:20,무,회사원,14.10 ℃
2020-04-29,여,33,미지근함,21,20,21:20,무,회사원,15.90 ℃
2020-04-26,여,33,미지근함,20,25,20:25,유,회사원,14.20 ℃
2020-04-02,여,33,따뜻함,20,30,20:30,유,회사원,10.90 ℃
2020-04-24,여,33,미지근함,8,40,8:40,유,회사원,8.00 ℃
2020-04-24,여,33,따뜻함,19,20,19:20,무,회사원,12.90 ℃
2020-04-26,여,34,따뜻함,17,20,17:20,유,군인,18.10 ℃
2020-04-26,여,34,따뜻함,20,20,20:20,유,회사원,14.20 ℃
2020-04-24,여,34,따뜻함,17,30,17:30,유,회사원,15.80 ℃
2020-04-26,여,34,미지근함,8,40,8:40,무,공무원,9.30 ℃
2020-04-27,여,34,미지근함,20,40,20:40,유,회사원,12.60 ℃
2020-04-24,여,34,따뜻함,18,20,18:20,무,회사원,14.70 ℃
2020-04-24,여,34,따뜻함,19,20,19:20,무,회사원,12.90 ℃
2020-04-26,여,34,따뜻함,19,20,19:20,무,회사원,14.90 ℃
2020-04-26,여,34,따뜻함,19,25,19:25,무,회사원,14.90 ℃
2020-04-28,여,34,미지근함,19,30,19:30,무,회사원,15.80 ℃
2020-04-28,여,34,따뜻함,19,30,19:30,무,회사원,15.80 ℃
2020-04-29,여,34,미지근함,19,30,19:30,유,회사원,18.70 ℃
2020-04-27,여,35,따뜻함,22,25,22:25,무,회사원,10.50 ℃
2020-04-26,여,35,미지근함,8,30,8:30,무,회사원,9.30 ℃
2020-04-25,여,35,따뜻함,19,30,19:30,무,회사원,15.50 ℃
2020-04-14,여,35,미지근함,19,30,19:30,무,회사원,15.90 ℃
2020-04-26,여,35,따뜻함,19,40,19:40,무,회사원,14.90 ℃
2020-04-24,여,36,따뜻함,8,20,8:20,무,회사원,8.00 ℃
2020-04-28,여,36,따뜻함,17,20,17:20,무,자영업자,19.20 ℃
2020-04-28,여,36,따뜻함,20,20,20:20,무,공무원,14.30 ℃
2020-04-24,여,36,미지근함,20,30,20:30,무,회사원,11.80 ℃
2020-04-04,여,36,따뜻함,19,30,19:30,무,회사원,7.50 ℃
2020-04-24,여,37,따뜻함,20,40,20:40,유,회사원,11.80 ℃
2020-04-04,여,37,따뜻함,21,40,21:40,유,회사원,6.30 ℃
2020-04-21,여,38,따뜻함,20,30,20:30,유,회사원,7.90 ℃
2020-04-29,여,38,따뜻함,20,30,20:30,무,회사원,17.30 ℃
2020-04-05,여,39,따뜻함,20,30,20:30,무,공무원,7.00 ℃
2020-04-17,여,39,따뜻함,19,30,19:30,무,회사원,15.80 ℃
2020-04-04,여,40,따뜻함,17,20,17:20,유,공무원,11.10 ℃
2020-04-04,여,40,따뜻함,18,30,18:30,유,주부,9.90 ℃
2020-04-17,여,40,미지근함,20,30,20:30,무,회사원,14.50 ℃
2020-04-04,여,40,따뜻함,21,30,21:30,무,회사원,6.30 ℃
2020-04-04,여,40,따뜻함,20,60,21:00,유,자영업자,6.70 ℃
2020-04-05,여,40,미지근함,7,30,7:30,유,회사원,3.00 ℃
2020-04-04,여,41,따뜻함,8,20,8:20,무,공무원,5.90 ℃
2020-04-04,여,41,따뜻함,20,20,20:20,무,회사원,6.70 ℃
2020-04-24,여,41,따뜻함,10,30,10:30,유,주부,12.00 ℃
2020-04-04,여,41,따뜻함,13,30,13:30,유,회사원,16.00 ℃
2020-04-04,여,41,따뜻함,21,30,21:30,무,회사원,6.30 ℃
2020-04-25,여,41,따뜻함,22,30,22:30,유,회사원,12.00 ℃
2020-04-28,여,42,미지근함,12,30,12:30,유,자영업자,18.10 ℃
2020-04-04,여,42,따뜻함,9,40,9:40,유,주부,9.20 ℃
2020-04-04,여,43,따뜻함,21,30,21:30,유,회사원,6.30 ℃
2020-04-04,여,44,따뜻함,9,30,9:30,유,주부,9.20 ℃
2020-04-24,여,45,따뜻함,23,20,23:20,무,회사원,10.20 ℃
2020-04-26,여,47,따뜻함,10,15,10:15,유,회사원,13.60 ℃
2020-04-17,여,47,미지근함,7,20,7:20,무,회사원,11.30 ℃
2020-04-04,여,47,따뜻함,18,20,18:20,무,공무원,9.90 ℃
2020-04-21,여,48,따뜻함,22,15,22:15,무,자영업자,7.10 ℃
2020-04-27,여,48,미지근함,20,30,20:30,유,회사원,12.60 ℃
2020-04-04,여,48,따뜻함,21,40,21:40,무,주부,6.30 ℃
2020-04-04,여,49,따뜻함,19,10,19:10,유,주부,7.50 ℃
2020-04-24,여,49,따뜻함,18,30,18:30,무,농업,14.70 ℃
2020-04-04,여,50,따뜻함,22,15,22:15,유,회사원,6.40 ℃
2020-04-21,여,50,따뜻함,21,20,21:20,무,주부,7.40 ℃
2020-04-04,여,50,미지근함,18,30,18:30,무,회사원,9.90 ℃
2020-04-17,여,51,따뜻함,22,20,22:20,무,자영업자,12.30 ℃
2020-04-24,여,51,따뜻함,22,30,22:30,무,주부,10.60 ℃
2020-04-04,여,51,따뜻함,19,10,19:10,무,주부,7.50 ℃
2020-04-24,여,52,미지근함,6,30,6:30,무,농업,5.40 ℃
2020-04-24,여,52,따뜻함,19,60,20:00,무,주부,12.90 ℃
2020-04-02,여,53,따뜻함,9,15,9:15,무,회사원,9.40 ℃
2020-04-21,여,54,따뜻함,23,10,23:10,무,공무원,6.90 ℃
2020-04-24,여,56,따뜻함,5,25,5:25,무,주부,5.20 ℃
2020-04-04,여,57,따뜻함,20,10,20:10,무,주부,6.70 ℃
2020-04-04,여,57,미지근함,6,5,6:05,무,주부,4.80 ℃
2020-04-02,여,58,따뜻함,9,30,9:30,무,농업,9.40 ℃
2020-04-28,여,60,따뜻함,12,20,12:20,무,자영업자,18.10 ℃
2020-04-24,여,63,따뜻함,8,20,8:20,무,주부,8.00 ℃
2020-04-04,여,65,따뜻함,9,30,9:30,무,자영업자,9.20 ℃
